34.50000,125.50000, 1.840, 1.840, 0.000
34.50000,125.55000, 1.880, 1.890, 0.000
34.50000,125.60000, 1.930, 1.930, 0.000
34.50000,125.65000, 1.960, 1.960, 0.010
34.50000,125.70000, 1.990, 1.980, 0.010
34.50000,125.75000, 2.010, 2.000, 0.010
34.50000,125.80000, 2.030, 2.000, 0.020
34.50000,125.85000, 2.060, 2.000, 0.040
34.50000,125.90000, 2.110, 2.010, 0.080
34.50000,125.95000, 2.120, 2.010, 0.120
34.50000,126.00000, 2.170, 2.020, 0.150
34.50000,126.05000, 2.190, 2.040, 0.150
34.50000,126.10000, 2.190, 2.060, 0.130
34.50000,126.15000, 2.240, 2.090, 0.090
34.50000,126.20000, 2.230, 2.100, 0.040
34.50000,126.25000, 1.990, 2.020,-0.040
34.50000,126.30000, 1.770, 2.030,-0.100
34.50000,126.35000, 1.930, 2.160,-0.050
34.50000,126.40000, 2.130, 2.080, 0.080
34.50000,126.45000, 2.260, 1.990, 0.180
34.50000,126.50000, 2.320, 1.990, 0.210
34.50000,126.55000, 2.330, 2.020, 0.190
34.50000,126.60000, 2.310, 2.070, 0.160
34.50000,126.65000, 2.290, 2.120, 0.120
34.50000,126.70000, 2.280, 2.160, 0.090
34.50000,126.75000, 2.250, 2.200, 0.050
34.50000,126.80000, 2.220, 2.220, 0.010
34.50000,126.85000, 2.170, 2.200,-0.010
34.50000,126.90000, 2.130, 2.150, 0.000
34.50000,126.95000, 2.090, 2.100, 0.010
34.50000,127.00000, 2.090, 2.060, 0.040
34.50000,127.05000, 2.120, 2.050, 0.080
34.50000,127.10000, 2.170, 2.050, 0.120
34.50000,127.15000, 2.190, 2.040, 0.150
34.50000,127.20000, 2.140, 1.990, 0.140
34.50000,127.25000, 2.050, 1.930, 0.110
34.50000,127.30000, 1.960, 1.880, 0.070
34.50000,127.35000, 1.900, 1.850, 0.050
34.50000,127.40000, 1.880, 1.840, 0.040
34.50000,127.45000, 1.890, 1.840, 0.050
34.50000,127.50000, 1.910, 1.850, 0.060
34.45000,125.50000, 1.840, 1.830, 0.010
34.45000,125.55000, 1.870, 1.860, 0.010
34.45000,125.60000, 1.910, 1.900, 0.010
34.45000,125.65000, 1.950, 1.930, 0.020
34.45000,125.70000, 1.980, 1.960, 0.020
34.45000,125.75000, 2.010, 1.980, 0.030
34.45000,125.80000, 2.030, 1.990, 0.040
34.45000,125.85000, 2.060, 1.990, 0.050
34.45000,125.90000, 2.090, 1.990, 0.080
34.45000,125.95000, 2.080, 1.980, 0.110
34.45000,126.00000, 2.090, 1.980, 0.140
34.45000,126.05000, 2.110, 1.980, 0.160
34.45000,126.10000, 2.140, 1.990, 0.160
34.45000,126.15000, 2.190, 2.010, 0.130
34.45000,126.20000, 2.170, 2.020, 0.080
34.45000,126.25000, 2.050, 2.020, 0.010
34.45000,126.30000, 1.930, 2.030,-0.050
34.45000,126.35000, 1.950, 2.050,-0.020
34.45000,126.40000, 2.060, 2.040, 0.060
34.45000,126.45000, 2.170, 2.010, 0.160
34.45000,126.50000, 2.230, 2.010, 0.190
34.45000,126.55000, 2.240, 2.030, 0.170
34.45000,126.60000, 2.240, 2.070, 0.140
34.45000,126.65000, 2.220, 2.090, 0.120
34.45000,126.70000, 2.240, 2.100, 0.120
34.45000,126.75000, 2.250, 2.120, 0.110
34.45000,126.80000, 2.240, 2.140, 0.090
34.45000,126.85000, 2.210, 2.130, 0.070
34.45000,126.90000, 2.160, 2.100, 0.060
34.45000,126.95000, 2.110, 2.050, 0.050
34.45000,127.00000, 2.070, 2.010, 0.060
34.45000,127.05000, 2.060, 1.990, 0.080
34.45000,127.10000, 2.050, 1.970, 0.100
34.45000,127.15000, 2.050, 1.960, 0.110
34.45000,127.20000, 2.030, 1.930, 0.100
34.45000,127.25000, 1.980, 1.890, 0.090
34.45000,127.30000, 1.930, 1.850, 0.070
34.45000,127.35000, 1.890, 1.830, 0.060
34.45000,127.40000, 1.880, 1.810, 0.060
34.45000,127.45000, 1.880, 1.800, 0.070
34.45000,127.50000, 1.890, 1.790, 0.090
34.40000,125.50000, 1.820, 1.800, 0.020
34.40000,125.55000, 1.860, 1.830, 0.030
34.40000,125.60000, 1.890, 1.870, 0.030
34.40000,125.65000, 1.930, 1.900, 0.030
34.40000,125.70000, 1.970, 1.930, 0.030
34.40000,125.75000, 2.000, 1.960, 0.040
34.40000,125.80000, 2.030, 1.980, 0.040
34.40000,125.85000, 2.050, 1.980, 0.050
34.40000,125.90000, 2.050, 1.970, 0.080
34.40000,125.95000, 2.050, 1.950, 0.090
34.40000,126.00000, 2.030, 1.920, 0.110
34.40000,126.05000, 2.030, 1.890, 0.130
34.40000,126.10000, 2.060, 1.900, 0.140
34.40000,126.15000, 2.060, 1.910, 0.140
34.40000,126.20000, 2.080, 1.920, 0.100
34.40000,126.25000, 2.040, 1.930, 0.050
34.40000,126.30000, 2.000, 1.940, 0.020
34.40000,126.35000, 2.010, 1.950, 0.040
34.40000,126.40000, 2.100, 1.980, 0.100
34.40000,126.45000, 2.180, 2.000, 0.170
34.40000,126.50000, 2.210, 2.020, 0.190
34.40000,126.55000, 2.190, 2.040, 0.160
34.40000,126.60000, 2.160, 2.060, 0.110
34.40000,126.65000, 2.150, 2.070, 0.080
34.40000,126.70000, 2.170, 2.070, 0.100
34.40000,126.75000, 2.210, 2.080, 0.120
34.40000,126.80000, 2.220, 2.090, 0.120
34.40000,126.85000, 2.230, 2.090, 0.130
34.40000,126.90000, 2.200, 2.070, 0.120
34.40000,126.95000, 2.130, 2.020, 0.100
34.40000,127.00000, 2.060, 1.980, 0.090
34.40000,127.05000, 2.010, 1.940, 0.080
34.40000,127.10000, 1.970, 1.920, 0.070
34.40000,127.15000, 1.940, 1.890, 0.070
34.40000,127.20000, 1.920, 1.870, 0.060
34.40000,127.25000, 1.890, 1.840, 0.050
34.40000,127.30000, 1.860, 1.810, 0.050
34.40000,127.35000, 1.840, 1.780, 0.050
34.40000,127.40000, 1.820, 1.760, 0.060
34.40000,127.45000, 1.820, 1.730, 0.080
34.40000,127.50000, 1.810, 1.710, 0.090
34.35000,125.50000, 1.800, 1.760, 0.040
34.35000,125.55000, 1.830, 1.790, 0.040
34.35000,125.60000, 1.870, 1.830, 0.040
34.35000,125.65000, 1.910, 1.860, 0.040
34.35000,125.70000, 1.950, 1.900, 0.050
34.35000,125.75000, 1.990, 1.930, 0.050
34.35000,125.80000, 2.020, 1.960, 0.050
34.35000,125.85000, 2.030, 1.970, 0.060
34.35000,125.90000, 2.020, 1.960, 0.070
34.35000,125.95000, 1.990, 1.920, 0.070
34.35000,126.00000, 1.920, 1.860, 0.070
34.35000,126.05000, 1.900, 1.830, 0.080
34.35000,126.10000, 1.900, 1.810, 0.100
34.35000,126.15000, 1.950, 1.820, 0.120
34.35000,126.20000, 1.990, 1.840, 0.110
34.35000,126.25000, 2.000, 1.850, 0.090
34.35000,126.30000, 2.020, 1.870, 0.080
34.35000,126.35000, 2.060, 1.890, 0.100
34.35000,126.40000, 2.130, 1.930, 0.150
34.35000,126.45000, 2.190, 1.970, 0.190
34.35000,126.50000, 2.190, 1.990, 0.190
34.35000,126.55000, 2.140, 2.010, 0.140
34.35000,126.60000, 2.090, 2.020, 0.090
34.35000,126.65000, 2.080, 2.030, 0.060
34.35000,126.70000, 2.100, 2.040, 0.070
34.35000,126.75000, 2.130, 2.040, 0.100
34.35000,126.80000, 2.170, 2.040, 0.120
34.35000,126.85000, 2.190, 2.040, 0.140
34.35000,126.90000, 2.180, 2.030, 0.140
34.35000,126.95000, 2.110, 1.990, 0.120
34.35000,127.00000, 2.030, 1.940, 0.090
34.35000,127.05000, 1.960, 1.900, 0.060
34.35000,127.10000, 1.900, 1.870, 0.040
34.35000,127.15000, 1.860, 1.850, 0.030
34.35000,127.20000, 1.830, 1.830, 0.010
34.35000,127.25000, 1.800, 1.800, 0.010
34.35000,127.30000, 1.780, 1.770, 0.010
34.35000,127.35000, 1.760, 1.740, 0.020
34.35000,127.40000, 1.750, 1.700, 0.040
34.35000,127.45000, 1.730, 1.660, 0.060
34.35000,127.50000, 1.710, 1.620, 0.090
34.30000,125.50000, 1.760, 1.720, 0.050
34.30000,125.55000, 1.790, 1.740, 0.050
34.30000,125.60000, 1.830, 1.780, 0.050
34.30000,125.65000, 1.870, 1.820, 0.050
34.30000,125.70000, 1.920, 1.860, 0.060
34.30000,125.75000, 1.970, 1.900, 0.060
34.30000,125.80000, 2.010, 1.940, 0.060
34.30000,125.85000, 2.030, 1.960, 0.060
34.30000,125.90000, 2.020, 1.960, 0.060
34.30000,125.95000, 1.960, 1.910, 0.050
34.30000,126.00000, 1.860, 1.830, 0.040
34.30000,126.05000, 1.790, 1.760, 0.040
34.30000,126.10000, 1.790, 1.740, 0.060
34.30000,126.15000, 1.840, 1.750, 0.080
34.30000,126.20000, 1.910, 1.770, 0.090
34.30000,126.25000, 1.950, 1.800, 0.090
34.30000,126.30000, 1.990, 1.820, 0.110
34.30000,126.35000, 2.050, 1.860, 0.130
34.30000,126.40000, 2.070, 1.890, 0.150
34.30000,126.45000, 2.130, 1.920, 0.180
34.30000,126.50000, 2.110, 1.940, 0.160
34.30000,126.55000, 2.050, 1.950, 0.120
34.30000,126.60000, 2.010, 1.960, 0.080
34.30000,126.65000, 2.000, 1.970, 0.060
34.30000,126.70000, 2.010, 1.970, 0.050
34.30000,126.75000, 2.030, 1.970, 0.070
34.30000,126.80000, 2.060, 1.980, 0.080
34.30000,126.85000, 2.070, 1.980, 0.090
34.30000,126.90000, 2.060, 1.960, 0.100
34.30000,126.95000, 2.020, 1.930, 0.090
34.30000,127.00000, 1.950, 1.890, 0.060
34.30000,127.05000, 1.890, 1.860, 0.030
34.30000,127.10000, 1.830, 1.830, 0.010
34.30000,127.15000, 1.780, 1.810,-0.020
34.30000,127.20000, 1.750, 1.790,-0.030
34.30000,127.25000, 1.720, 1.770,-0.040
34.30000,127.30000, 1.700, 1.740,-0.030
34.30000,127.35000, 1.690, 1.700,-0.010
34.30000,127.40000, 1.670, 1.650, 0.020
34.30000,127.45000, 1.640, 1.600, 0.050
34.30000,127.50000, 1.610, 1.540, 0.070
34.25000,125.50000, 1.710, 1.650, 0.050
34.25000,125.55000, 1.740, 1.680, 0.060
34.25000,125.60000, 1.770, 1.710, 0.060
34.25000,125.65000, 1.820, 1.750, 0.060
34.25000,125.70000, 1.860, 1.790, 0.060
34.25000,125.75000, 1.910, 1.840, 0.070
34.25000,125.80000, 1.960, 1.890, 0.070
34.25000,125.85000, 2.000, 1.930, 0.070
34.25000,125.90000, 2.010, 1.940, 0.060
34.25000,125.95000, 1.950, 1.900, 0.050
34.25000,126.00000, 1.850, 1.820, 0.040
34.25000,126.05000, 1.780, 1.760, 0.030
34.25000,126.10000, 1.760, 1.730, 0.040
34.25000,126.15000, 1.790, 1.730, 0.060
34.25000,126.20000, 1.830, 1.740, 0.080
34.25000,126.25000, 1.900, 1.770, 0.100
34.25000,126.30000, 1.960, 1.790, 0.120
34.25000,126.35000, 2.020, 1.830, 0.140
34.25000,126.40000, 2.030, 1.850, 0.140
34.25000,126.45000, 2.050, 1.870, 0.160
34.25000,126.50000, 2.020, 1.880, 0.140
34.25000,126.55000, 1.980, 1.880, 0.110
34.25000,126.60000, 1.940, 1.890, 0.070
34.25000,126.65000, 1.920, 1.890, 0.050
34.25000,126.70000, 1.910, 1.890, 0.040
34.25000,126.75000, 1.910, 1.890, 0.030
34.25000,126.80000, 1.920, 1.900, 0.030
34.25000,126.85000, 1.920, 1.890, 0.030
34.25000,126.90000, 1.910, 1.880, 0.030
34.25000,126.95000, 1.880, 1.850, 0.030
34.25000,127.00000, 1.840, 1.830, 0.020
34.25000,127.05000, 1.800, 1.800, 0.000
34.25000,127.10000, 1.760, 1.790,-0.020
34.25000,127.15000, 1.720, 1.780,-0.050
34.25000,127.20000, 1.690, 1.770,-0.070
34.25000,127.25000, 1.670, 1.750,-0.080
34.25000,127.30000, 1.660, 1.720,-0.060
34.25000,127.35000, 1.640, 1.680,-0.030
34.25000,127.40000, 1.610, 1.620, 0.000
34.25000,127.45000, 1.580, 1.540, 0.030
34.25000,127.50000, 1.530, 1.470, 0.060
34.20000,125.50000, 1.640, 1.580, 0.060
34.20000,125.55000, 1.670, 1.600, 0.060
34.20000,125.60000, 1.700, 1.630, 0.060
34.20000,125.65000, 1.740, 1.670, 0.070
34.20000,125.70000, 1.780, 1.710, 0.070
34.20000,125.75000, 1.830, 1.760, 0.070
34.20000,125.80000, 1.880, 1.800, 0.070
34.20000,125.85000, 1.920, 1.840, 0.070
34.20000,125.90000, 1.930, 1.860, 0.060
34.20000,125.95000, 1.890, 1.840, 0.060
34.20000,126.00000, 1.830, 1.790, 0.050
34.20000,126.05000, 1.770, 1.740, 0.040
34.20000,126.10000, 1.760, 1.730, 0.050
34.20000,126.15000, 1.780, 1.720, 0.060
34.20000,126.20000, 1.820, 1.720, 0.080
34.20000,126.25000, 1.860, 1.750, 0.090
34.20000,126.30000, 1.930, 1.780, 0.120
34.20000,126.35000, 1.970, 1.800, 0.140
34.20000,126.40000, 1.980, 1.820, 0.140
34.20000,126.45000, 1.980, 1.830, 0.140
34.20000,126.50000, 1.960, 1.830, 0.120
34.20000,126.55000, 1.920, 1.830, 0.100
34.20000,126.60000, 1.870, 1.820, 0.070
34.20000,126.65000, 1.830, 1.810, 0.040
34.20000,126.70000, 1.800, 1.800, 0.020
34.20000,126.75000, 1.790, 1.800, 0.000
34.20000,126.80000, 1.780, 1.800,-0.020
34.20000,126.85000, 1.770, 1.800,-0.030
34.20000,126.90000, 1.760, 1.780,-0.020
34.20000,126.95000, 1.750, 1.760,-0.020
34.20000,127.00000, 1.730, 1.750,-0.020
34.20000,127.05000, 1.710, 1.740,-0.030
34.20000,127.10000, 1.690, 1.740,-0.040
34.20000,127.15000, 1.680, 1.750,-0.060
34.20000,127.20000, 1.670, 1.750,-0.080
34.20000,127.25000, 1.660, 1.750,-0.080
34.20000,127.30000, 1.650, 1.720,-0.070
34.20000,127.35000, 1.630, 1.670,-0.040
34.20000,127.40000, 1.590, 1.600,-0.010
34.20000,127.45000, 1.530, 1.510, 0.020
34.20000,127.50000, 1.460, 1.410, 0.050
34.15000,125.50000, 1.560, 1.500, 0.060
34.15000,125.55000, 1.580, 1.510, 0.070
34.15000,125.60000, 1.610, 1.540, 0.070
34.15000,125.65000, 1.650, 1.570, 0.070
34.15000,125.70000, 1.690, 1.610, 0.080
34.15000,125.75000, 1.730, 1.650, 0.080
34.15000,125.80000, 1.770, 1.690, 0.080
34.15000,125.85000, 1.800, 1.720, 0.070
34.15000,125.90000, 1.810, 1.740, 0.070
34.15000,125.95000, 1.800, 1.740, 0.060
34.15000,126.00000, 1.770, 1.710, 0.060
34.15000,126.05000, 1.750, 1.700, 0.060
34.15000,126.10000, 1.760, 1.710, 0.060
34.15000,126.15000, 1.780, 1.710, 0.070
34.15000,126.20000, 1.820, 1.720, 0.080
34.15000,126.25000, 1.860, 1.750, 0.100
34.15000,126.30000, 1.910, 1.780, 0.110
34.15000,126.35000, 1.940, 1.780, 0.130
34.15000,126.40000, 1.940, 1.790, 0.140
34.15000,126.45000, 1.930, 1.790, 0.130
34.15000,126.50000, 1.910, 1.780, 0.120
34.15000,126.55000, 1.860, 1.760, 0.100
34.15000,126.60000, 1.800, 1.740, 0.070
34.15000,126.65000, 1.750, 1.710, 0.040
34.15000,126.70000, 1.700, 1.700, 0.020
34.15000,126.75000, 1.670, 1.690,-0.010
34.15000,126.80000, 1.640, 1.690,-0.040
34.15000,126.85000, 1.630, 1.680,-0.050
34.15000,126.90000, 1.620, 1.670,-0.050
34.15000,126.95000, 1.620, 1.660,-0.040
34.15000,127.00000, 1.620, 1.660,-0.030
34.15000,127.05000, 1.620, 1.660,-0.040
34.15000,127.10000, 1.630, 1.680,-0.050
34.15000,127.15000, 1.650, 1.710,-0.060
34.15000,127.20000, 1.670, 1.740,-0.070
34.15000,127.25000, 1.680, 1.760,-0.070
34.15000,127.30000, 1.680, 1.740,-0.050
34.15000,127.35000, 1.650, 1.680,-0.030
34.15000,127.40000, 1.580, 1.590,-0.010
34.15000,127.45000, 1.500, 1.480, 0.020
34.15000,127.50000, 1.410, 1.360, 0.050
34.10000,125.50000, 1.470, 1.400, 0.070
34.10000,125.55000, 1.490, 1.410, 0.070
34.10000,125.60000, 1.510, 1.440, 0.080
34.10000,125.65000, 1.540, 1.460, 0.080
34.10000,125.70000, 1.580, 1.490, 0.080
34.10000,125.75000, 1.610, 1.530, 0.080
34.10000,125.80000, 1.640, 1.560, 0.080
34.10000,125.85000, 1.670, 1.590, 0.080
34.10000,125.90000, 1.690, 1.610, 0.080
34.10000,125.95000, 1.700, 1.620, 0.080
34.10000,126.00000, 1.690, 1.620, 0.070
34.10000,126.05000, 1.710, 1.630, 0.080
34.10000,126.10000, 1.730, 1.650, 0.080
34.10000,126.15000, 1.770, 1.690, 0.080
34.10000,126.20000, 1.820, 1.720, 0.090
34.10000,126.25000, 1.860, 1.750, 0.100
34.10000,126.30000, 1.890, 1.770, 0.110
34.10000,126.35000, 1.910, 1.770, 0.130
34.10000,126.40000, 1.910, 1.760, 0.130
34.10000,126.45000, 1.880, 1.750, 0.130
34.10000,126.50000, 1.840, 1.720, 0.120
34.10000,126.55000, 1.780, 1.680, 0.100
34.10000,126.60000, 1.720, 1.640, 0.080
34.10000,126.65000, 1.650, 1.610, 0.050
34.10000,126.70000, 1.600, 1.580, 0.020
34.10000,126.75000, 1.550, 1.570,-0.000
34.10000,126.80000, 1.530, 1.560,-0.020
34.10000,126.85000, 1.510, 1.550,-0.040
34.10000,126.90000, 1.500, 1.540,-0.040
34.10000,126.95000, 1.500, 1.540,-0.040
34.10000,127.00000, 1.510, 1.550,-0.030
34.10000,127.05000, 1.540, 1.570,-0.030
34.10000,127.10000, 1.570, 1.610,-0.040
34.10000,127.15000, 1.620, 1.660,-0.040
34.10000,127.20000, 1.670, 1.720,-0.050
34.10000,127.25000, 1.710, 1.760,-0.050
34.10000,127.30000, 1.720, 1.760,-0.040
34.10000,127.35000, 1.670, 1.700,-0.020
34.10000,127.40000, 1.580, 1.580, 0.000
34.10000,127.45000, 1.470, 1.440, 0.030
34.10000,127.50000, 1.350, 1.300, 0.050
34.05000,125.50000, 1.370, 1.300, 0.070
34.05000,125.55000, 1.390, 1.310, 0.080
34.05000,125.60000, 1.410, 1.320, 0.080
34.05000,125.65000, 1.430, 1.350, 0.080
34.05000,125.70000, 1.460, 1.370, 0.080
34.05000,125.75000, 1.490, 1.400, 0.090
34.05000,125.80000, 1.510, 1.430, 0.080
34.05000,125.85000, 1.540, 1.450, 0.080
34.05000,125.90000, 1.560, 1.480, 0.080
34.05000,125.95000, 1.590, 1.500, 0.080
34.05000,126.00000, 1.600, 1.520, 0.080
34.05000,126.05000, 1.640, 1.550, 0.090
34.05000,126.10000, 1.680, 1.590, 0.090
34.05000,126.15000, 1.740, 1.640, 0.100
34.05000,126.20000, 1.800, 1.690, 0.110
34.05000,126.25000, 1.860, 1.740, 0.110
34.05000,126.30000, 1.890, 1.760, 0.120
34.05000,126.35000, 1.890, 1.760, 0.130
34.05000,126.40000, 1.860, 1.730, 0.130
34.05000,126.45000, 1.810, 1.680, 0.130
34.05000,126.50000, 1.750, 1.630, 0.120
34.05000,126.55000, 1.680, 1.580, 0.100
34.05000,126.60000, 1.610, 1.530, 0.080
34.05000,126.65000, 1.540, 1.490, 0.060
34.05000,126.70000, 1.490, 1.460, 0.040
34.05000,126.75000, 1.440, 1.430, 0.010
34.05000,126.80000, 1.410, 1.420, 0.000
34.05000,126.85000, 1.390, 1.410,-0.010
34.05000,126.90000, 1.380, 1.400,-0.010
34.05000,126.95000, 1.390, 1.410,-0.010
34.05000,127.00000, 1.410, 1.430,-0.010
34.05000,127.05000, 1.440, 1.460,-0.010
34.05000,127.10000, 1.490, 1.510,-0.020
34.05000,127.15000, 1.560, 1.580,-0.020
34.05000,127.20000, 1.630, 1.660,-0.020
34.05000,127.25000, 1.700, 1.720,-0.020
34.05000,127.30000, 1.730, 1.740,-0.010
34.05000,127.35000, 1.670, 1.670, 0.000
34.05000,127.40000, 1.550, 1.530, 0.020
34.05000,127.45000, 1.410, 1.370, 0.040
34.05000,127.50000, 1.270, 1.210, 0.060
34.00000,125.50000, 1.260, 1.180, 0.080
34.00000,125.55000, 1.280, 1.190, 0.080
34.00000,125.60000, 1.290, 1.210, 0.090
34.00000,125.65000, 1.310, 1.220, 0.090
34.00000,125.70000, 1.330, 1.240, 0.090
34.00000,125.75000, 1.360, 1.270, 0.090
34.00000,125.80000, 1.380, 1.290, 0.090
34.00000,125.85000, 1.410, 1.320, 0.090
34.00000,125.90000, 1.440, 1.350, 0.090
34.00000,125.95000, 1.470, 1.380, 0.090
34.00000,126.00000, 1.500, 1.410, 0.090
34.00000,126.05000, 1.550, 1.450, 0.100
34.00000,126.10000, 1.610, 1.510, 0.100
34.00000,126.15000, 1.680, 1.570, 0.110
34.00000,126.20000, 1.760, 1.640, 0.110
34.00000,126.25000, 1.830, 1.710, 0.120
34.00000,126.30000, 1.870, 1.740, 0.130
34.00000,126.35000, 1.850, 1.720, 0.130
34.00000,126.40000, 1.790, 1.660, 0.130
34.00000,126.45000, 1.720, 1.590, 0.120
34.00000,126.50000, 1.640, 1.520, 0.120
34.00000,126.55000, 1.570, 1.460, 0.100
34.00000,126.60000, 1.490, 1.410, 0.090
34.00000,126.65000, 1.420, 1.360, 0.070
34.00000,126.70000, 1.370, 1.320, 0.050
34.00000,126.75000, 1.320, 1.290, 0.040
34.00000,126.80000, 1.290, 1.270, 0.030
34.00000,126.85000, 1.270, 1.260, 0.020
34.00000,126.90000, 1.270, 1.260, 0.010
34.00000,126.95000, 1.270, 1.270, 0.010
34.00000,127.00000, 1.290, 1.290, 0.010
34.00000,127.05000, 1.330, 1.330, 0.010
34.00000,127.10000, 1.380, 1.380, 0.010
34.00000,127.15000, 1.450, 1.450, 0.000
34.00000,127.20000, 1.520, 1.520, 0.000
34.00000,127.25000, 1.590, 1.590, 0.000
34.00000,127.30000, 1.610, 1.610, 0.010
34.00000,127.35000, 1.560, 1.540, 0.020
34.00000,127.40000, 1.440, 1.400, 0.040
34.00000,127.45000, 1.300, 1.250, 0.050
34.00000,127.50000, 1.160, 1.090, 0.070
33.95000,125.50000, 1.150, 1.070, 0.080
33.95000,125.55000, 1.160, 1.070, 0.090
33.95000,125.60000, 1.170, 1.080, 0.090
33.95000,125.65000, 1.190, 1.100, 0.090
33.95000,125.70000, 1.210, 1.120, 0.090
33.95000,125.75000, 1.230, 1.140, 0.090
33.95000,125.80000, 1.260, 1.160, 0.090
33.95000,125.85000, 1.280, 1.190, 0.090
33.95000,125.90000, 1.310, 1.220, 0.100
33.95000,125.95000, 1.350, 1.250, 0.100
33.95000,126.00000, 1.390, 1.290, 0.100
33.95000,126.05000, 1.440, 1.340, 0.100
33.95000,126.10000, 1.500, 1.400, 0.110
33.95000,126.15000, 1.580, 1.470, 0.110
33.95000,126.20000, 1.660, 1.540, 0.120
33.95000,126.25000, 1.740, 1.610, 0.130
33.95000,126.30000, 1.780, 1.640, 0.130
33.95000,126.35000, 1.750, 1.610, 0.130
33.95000,126.40000, 1.680, 1.550, 0.130
33.95000,126.45000, 1.600, 1.470, 0.120
33.95000,126.50000, 1.510, 1.390, 0.120
33.95000,126.55000, 1.430, 1.330, 0.110
33.95000,126.60000, 1.360, 1.270, 0.100
33.95000,126.65000, 1.300, 1.220, 0.080
33.95000,126.70000, 1.250, 1.180, 0.070
33.95000,126.75000, 1.200, 1.150, 0.060
33.95000,126.80000, 1.170, 1.130, 0.050
33.95000,126.85000, 1.150, 1.110, 0.040
33.95000,126.90000, 1.140, 1.110, 0.040
33.95000,126.95000, 1.150, 1.120, 0.030
33.95000,127.00000, 1.160, 1.140, 0.030
33.95000,127.05000, 1.200, 1.170, 0.030
33.95000,127.10000, 1.240, 1.210, 0.030
33.95000,127.15000, 1.290, 1.260, 0.030
33.95000,127.20000, 1.350, 1.320, 0.030
33.95000,127.25000, 1.390, 1.360, 0.030
33.95000,127.30000, 1.400, 1.370, 0.040
33.95000,127.35000, 1.350, 1.310, 0.040
33.95000,127.40000, 1.250, 1.200, 0.050
33.95000,127.45000, 1.130, 1.060, 0.070
33.95000,127.50000, 1.010, 0.930, 0.080
33.90000,125.50000, 1.030, 0.940, 0.090
33.90000,125.55000, 1.040, 0.950, 0.090
33.90000,125.60000, 1.050, 0.960, 0.090
33.90000,125.65000, 1.070, 0.970, 0.100
33.90000,125.70000, 1.090, 0.990, 0.100
33.90000,125.75000, 1.110, 1.010, 0.100
33.90000,125.80000, 1.130, 1.030, 0.100
33.90000,125.85000, 1.150, 1.050, 0.100
33.90000,125.90000, 1.180, 1.080, 0.100
33.90000,125.95000, 1.220, 1.120, 0.100
33.90000,126.00000, 1.260, 1.150, 0.110
33.90000,126.05000, 1.310, 1.200, 0.110
33.90000,126.10000, 1.370, 1.260, 0.110
33.90000,126.15000, 1.440, 1.320, 0.120
33.90000,126.20000, 1.510, 1.390, 0.120
33.90000,126.25000, 1.570, 1.440, 0.130
33.90000,126.30000, 1.590, 1.460, 0.130
33.90000,126.35000, 1.570, 1.440, 0.130
33.90000,126.40000, 1.510, 1.380, 0.130
33.90000,126.45000, 1.430, 1.310, 0.120
33.90000,126.50000, 1.360, 1.240, 0.120
33.90000,126.55000, 1.290, 1.180, 0.110
33.90000,126.60000, 1.220, 1.120, 0.100
33.90000,126.65000, 1.160, 1.070, 0.090
33.90000,126.70000, 1.110, 1.030, 0.080
33.90000,126.75000, 1.070, 1.000, 0.080
33.90000,126.80000, 1.040, 0.980, 0.070
33.90000,126.85000, 1.020, 0.960, 0.060
33.90000,126.90000, 1.010, 0.960, 0.060
33.90000,126.95000, 1.010, 0.960, 0.060
33.90000,127.00000, 1.020, 0.970, 0.050
33.90000,127.05000, 1.050, 1.000, 0.050
33.90000,127.10000, 1.070, 1.020, 0.050
33.90000,127.15000, 1.110, 1.060, 0.050
33.90000,127.20000, 1.140, 1.090, 0.050
33.90000,127.25000, 1.160, 1.110, 0.050
33.90000,127.30000, 1.150, 1.100, 0.060
33.90000,127.35000, 1.110, 1.050, 0.060
33.90000,127.40000, 1.030, 0.960, 0.070
33.90000,127.45000, 0.940, 0.860, 0.080
33.90000,127.50000, 0.830, 0.740, 0.090
33.85000,125.50000, 0.910, 0.810, 0.090
33.85000,125.55000, 0.920, 0.820, 0.100
33.85000,125.60000, 0.930, 0.830, 0.100
33.85000,125.65000, 0.950, 0.850, 0.100
33.85000,125.70000, 0.960, 0.860, 0.100
33.85000,125.75000, 0.980, 0.880, 0.100
33.85000,125.80000, 1.000, 0.900, 0.100
33.85000,125.85000, 1.020, 0.920, 0.100
33.85000,125.90000, 1.050, 0.950, 0.110
33.85000,125.95000, 1.080, 0.980, 0.110
33.85000,126.00000, 1.120, 1.010, 0.110
33.85000,126.05000, 1.160, 1.050, 0.110
33.85000,126.10000, 1.220, 1.100, 0.120
33.85000,126.15000, 1.270, 1.150, 0.120
33.85000,126.20000, 1.320, 1.200, 0.120
33.85000,126.25000, 1.360, 1.230, 0.130
33.85000,126.30000, 1.370, 1.240, 0.130
33.85000,126.35000, 1.350, 1.230, 0.130
33.85000,126.40000, 1.310, 1.190, 0.130
33.85000,126.45000, 1.250, 1.130, 0.120
33.85000,126.50000, 1.190, 1.070, 0.120
33.85000,126.55000, 1.130, 1.010, 0.110
33.85000,126.60000, 1.070, 0.960, 0.110
33.85000,126.65000, 1.020, 0.920, 0.100
33.85000,126.70000, 0.980, 0.880, 0.090
33.85000,126.75000, 0.940, 0.850, 0.090
33.85000,126.80000, 0.910, 0.830, 0.080
33.85000,126.85000, 0.890, 0.810, 0.080
33.85000,126.90000, 0.880, 0.800, 0.080
33.85000,126.95000, 0.880, 0.800, 0.080
33.85000,127.00000, 0.880, 0.810, 0.070
33.85000,127.05000, 0.890, 0.820, 0.070
33.85000,127.10000, 0.900, 0.830, 0.070
33.85000,127.15000, 0.920, 0.850, 0.070
33.85000,127.20000, 0.930, 0.860, 0.070
33.85000,127.25000, 0.930, 0.860, 0.080
33.85000,127.30000, 0.920, 0.840, 0.080
33.85000,127.35000, 0.880, 0.790, 0.080
33.85000,127.40000, 0.810, 0.720, 0.090
33.85000,127.45000, 0.740, 0.640, 0.100
33.85000,127.50000, 0.650, 0.550, 0.100
33.80000,125.50000, 0.780, 0.680, 0.100
33.80000,125.55000, 0.800, 0.690, 0.100
33.80000,125.60000, 0.810, 0.700, 0.100
33.80000,125.65000, 0.820, 0.720, 0.100
33.80000,125.70000, 0.840, 0.730, 0.110
33.80000,125.75000, 0.860, 0.750, 0.110
33.80000,125.80000, 0.870, 0.760, 0.110
33.80000,125.85000, 0.890, 0.790, 0.110
33.80000,125.90000, 0.920, 0.810, 0.110
33.80000,125.95000, 0.940, 0.830, 0.110
33.80000,126.00000, 0.980, 0.860, 0.110
33.80000,126.05000, 1.010, 0.890, 0.120
33.80000,126.10000, 1.050, 0.930, 0.120
33.80000,126.15000, 1.090, 0.970, 0.120
33.80000,126.20000, 1.120, 1.000, 0.120
33.80000,126.25000, 1.150, 1.020, 0.120
33.80000,126.30000, 1.150, 1.030, 0.130
33.80000,126.35000, 1.140, 1.010, 0.130
33.80000,126.40000, 1.110, 0.980, 0.120
33.80000,126.45000, 1.070, 0.940, 0.120
33.80000,126.50000, 1.020, 0.900, 0.120
33.80000,126.55000, 0.970, 0.850, 0.120
33.80000,126.60000, 0.920, 0.810, 0.110
33.80000,126.65000, 0.880, 0.770, 0.110
33.80000,126.70000, 0.840, 0.730, 0.100
33.80000,126.75000, 0.810, 0.710, 0.100
33.80000,126.80000, 0.780, 0.680, 0.100
33.80000,126.85000, 0.760, 0.670, 0.090
33.80000,126.90000, 0.740, 0.650, 0.090
33.80000,126.95000, 0.730, 0.640, 0.090
33.80000,127.00000, 0.730, 0.640, 0.090
33.80000,127.05000, 0.730, 0.640, 0.090
33.80000,127.10000, 0.730, 0.640, 0.090
33.80000,127.15000, 0.730, 0.640, 0.090
33.80000,127.20000, 0.730, 0.640, 0.090
33.80000,127.25000, 0.720, 0.630, 0.090
33.80000,127.30000, 0.700, 0.600, 0.100
33.80000,127.35000, 0.660, 0.560, 0.100
33.80000,127.40000, 0.610, 0.500, 0.100
33.80000,127.45000, 0.540, 0.430, 0.110
33.80000,127.50000, 0.470, 0.360, 0.120
33.75000,125.50000, 0.660, 0.550, 0.110
33.75000,125.55000, 0.670, 0.560, 0.110
33.75000,125.60000, 0.690, 0.580, 0.110
33.75000,125.65000, 0.700, 0.590, 0.110
33.75000,125.70000, 0.710, 0.600, 0.110
33.75000,125.75000, 0.730, 0.620, 0.110
33.75000,125.80000, 0.750, 0.630, 0.110
33.75000,125.85000, 0.760, 0.650, 0.110
33.75000,125.90000, 0.780, 0.670, 0.110
33.75000,125.95000, 0.810, 0.690, 0.120
33.75000,126.00000, 0.830, 0.710, 0.120
33.75000,126.05000, 0.860, 0.740, 0.120
33.75000,126.10000, 0.880, 0.760, 0.120
33.75000,126.15000, 0.910, 0.790, 0.120
33.75000,126.20000, 0.930, 0.810, 0.120
33.75000,126.25000, 0.940, 0.820, 0.120
33.75000,126.30000, 0.950, 0.820, 0.130
33.75000,126.35000, 0.930, 0.810, 0.130
33.75000,126.40000, 0.910, 0.790, 0.120
33.75000,126.45000, 0.880, 0.760, 0.120
33.75000,126.50000, 0.840, 0.720, 0.120
33.75000,126.55000, 0.810, 0.690, 0.120
33.75000,126.60000, 0.770, 0.650, 0.120
33.75000,126.65000, 0.730, 0.620, 0.110
33.75000,126.70000, 0.700, 0.590, 0.110
33.75000,126.75000, 0.670, 0.560, 0.110
33.75000,126.80000, 0.640, 0.540, 0.110
33.75000,126.85000, 0.620, 0.520, 0.100
33.75000,126.90000, 0.600, 0.500, 0.100
33.75000,126.95000, 0.590, 0.490, 0.100
33.75000,127.00000, 0.580, 0.480, 0.100
33.75000,127.05000, 0.570, 0.470, 0.100
33.75000,127.10000, 0.560, 0.460, 0.100
33.75000,127.15000, 0.560, 0.450, 0.100
33.75000,127.20000, 0.540, 0.440, 0.110
33.75000,127.25000, 0.530, 0.420, 0.110
33.75000,127.30000, 0.500, 0.390, 0.110
33.75000,127.35000, 0.460, 0.350, 0.110
33.75000,127.40000, 0.420, 0.300, 0.120
33.75000,127.45000, 0.360, 0.240, 0.120
33.75000,127.50000, 0.300, 0.180, 0.130
33.70000,125.50000, 0.530, 0.420, 0.110
33.70000,125.55000, 0.550, 0.440, 0.110
33.70000,125.60000, 0.560, 0.450, 0.110
33.70000,125.65000, 0.570, 0.460, 0.110
33.70000,125.70000, 0.590, 0.470, 0.120
33.70000,125.75000, 0.600, 0.490, 0.120
33.70000,125.80000, 0.620, 0.500, 0.120
33.70000,125.85000, 0.630, 0.510, 0.120
33.70000,125.90000, 0.650, 0.530, 0.120
33.70000,125.95000, 0.670, 0.550, 0.120
33.70000,126.00000, 0.680, 0.560, 0.120
33.70000,126.05000, 0.700, 0.580, 0.120
33.70000,126.10000, 0.720, 0.600, 0.120
33.70000,126.15000, 0.740, 0.620, 0.120
33.70000,126.20000, 0.750, 0.630, 0.120
33.70000,126.25000, 0.760, 0.630, 0.130
33.70000,126.30000, 0.760, 0.630, 0.130
33.70000,126.35000, 0.750, 0.620, 0.130
33.70000,126.40000, 0.730, 0.610, 0.130
33.70000,126.45000, 0.710, 0.580, 0.130
33.70000,126.50000, 0.680, 0.550, 0.120
33.70000,126.55000, 0.650, 0.520, 0.120
33.70000,126.60000, 0.620, 0.500, 0.120
33.70000,126.65000, 0.590, 0.470, 0.120
33.70000,126.70000, 0.560, 0.440, 0.120
33.70000,126.75000, 0.530, 0.410, 0.120
33.70000,126.80000, 0.510, 0.390, 0.120
33.70000,126.85000, 0.490, 0.370, 0.120
33.70000,126.90000, 0.470, 0.350, 0.110
33.70000,126.95000, 0.450, 0.340, 0.110
33.70000,127.00000, 0.440, 0.320, 0.110
33.70000,127.05000, 0.420, 0.310, 0.120
33.70000,127.10000, 0.400, 0.290, 0.120
33.70000,127.15000, 0.390, 0.270, 0.120
33.70000,127.20000, 0.370, 0.250, 0.120
33.70000,127.25000, 0.350, 0.230, 0.120
33.70000,127.30000, 0.320, 0.200, 0.120
33.70000,127.35000, 0.280, 0.160, 0.120
33.70000,127.40000, 0.240, 0.110, 0.130
33.70000,127.45000, 0.190, 0.060, 0.130
33.70000,127.50000, 0.140, 0.010, 0.130
33.65000,125.50000, 0.410, 0.290, 0.120
33.65000,125.55000, 0.420, 0.300, 0.120
33.65000,125.60000, 0.440, 0.320, 0.120
33.65000,125.65000, 0.450, 0.330, 0.120
33.65000,125.70000, 0.460, 0.340, 0.120
33.65000,125.75000, 0.470, 0.350, 0.120
33.65000,125.80000, 0.490, 0.370, 0.120
33.65000,125.85000, 0.500, 0.380, 0.120
33.65000,125.90000, 0.510, 0.390, 0.120
33.65000,125.95000, 0.530, 0.400, 0.120
33.65000,126.00000, 0.540, 0.420, 0.120
33.65000,126.05000, 0.550, 0.430, 0.120
33.65000,126.10000, 0.570, 0.440, 0.120
33.65000,126.15000, 0.580, 0.450, 0.130
33.65000,126.20000, 0.580, 0.460, 0.130
33.65000,126.25000, 0.590, 0.460, 0.130
33.65000,126.30000, 0.580, 0.460, 0.130
33.65000,126.35000, 0.570, 0.450, 0.130
33.65000,126.40000, 0.560, 0.430, 0.130
33.65000,126.45000, 0.540, 0.410, 0.130
33.65000,126.50000, 0.520, 0.390, 0.130
33.65000,126.55000, 0.500, 0.370, 0.130
33.65000,126.60000, 0.470, 0.340, 0.130
33.65000,126.65000, 0.440, 0.320, 0.120
33.65000,126.70000, 0.420, 0.290, 0.120
33.65000,126.75000, 0.400, 0.270, 0.120
33.65000,126.80000, 0.370, 0.250, 0.120
33.65000,126.85000, 0.350, 0.230, 0.120
33.65000,126.90000, 0.330, 0.210, 0.120
33.65000,126.95000, 0.310, 0.190, 0.120
33.65000,127.00000, 0.290, 0.170, 0.120
33.65000,127.05000, 0.280, 0.150, 0.120
33.65000,127.10000, 0.250, 0.130, 0.120
33.65000,127.15000, 0.230, 0.110, 0.130
33.65000,127.20000, 0.210, 0.080, 0.130
33.65000,127.25000, 0.190, 0.060, 0.130
33.65000,127.30000, 0.160, 0.020, 0.130
33.65000,127.35000, 0.120,-0.010, 0.130
33.65000,127.40000, 0.080,-0.060, 0.140
33.65000,127.45000, 0.040,-0.100, 0.140
33.65000,127.50000,-0.010,-0.150, 0.140
33.60000,125.50000, 0.280, 0.160, 0.120
33.60000,125.55000, 0.300, 0.170, 0.120
33.60000,125.60000, 0.310, 0.190, 0.120
33.60000,125.65000, 0.320, 0.200, 0.120
33.60000,125.70000, 0.330, 0.210, 0.120
33.60000,125.75000, 0.350, 0.220, 0.120
33.60000,125.80000, 0.360, 0.230, 0.120
33.60000,125.85000, 0.370, 0.240, 0.120
33.60000,125.90000, 0.380, 0.250, 0.120
33.60000,125.95000, 0.390, 0.260, 0.130
33.60000,126.00000, 0.400, 0.270, 0.130
33.60000,126.05000, 0.410, 0.280, 0.130
33.60000,126.10000, 0.420, 0.290, 0.130
33.60000,126.15000, 0.420, 0.290, 0.130
33.60000,126.20000, 0.430, 0.300, 0.130
33.60000,126.25000, 0.430, 0.300, 0.130
33.60000,126.30000, 0.420, 0.290, 0.130
33.60000,126.35000, 0.410, 0.280, 0.130
33.60000,126.40000, 0.400, 0.270, 0.130
33.60000,126.45000, 0.390, 0.260, 0.130
33.60000,126.50000, 0.370, 0.240, 0.130
33.60000,126.55000, 0.350, 0.220, 0.130
33.60000,126.60000, 0.330, 0.200, 0.130
33.60000,126.65000, 0.300, 0.170, 0.130
33.60000,126.70000, 0.280, 0.150, 0.130
33.60000,126.75000, 0.260, 0.130, 0.130
33.60000,126.80000, 0.240, 0.110, 0.130
33.60000,126.85000, 0.220, 0.090, 0.130
33.60000,126.90000, 0.190, 0.070, 0.130
33.60000,126.95000, 0.170, 0.040, 0.130
33.60000,127.00000, 0.150, 0.020, 0.130
33.60000,127.05000, 0.130, 0.000, 0.130
33.60000,127.10000, 0.110,-0.020, 0.130
33.60000,127.15000, 0.090,-0.050, 0.130
33.60000,127.20000, 0.060,-0.080, 0.140
33.60000,127.25000, 0.030,-0.100, 0.140
33.60000,127.30000, 0.000,-0.140, 0.140
33.60000,127.35000,-0.030,-0.170, 0.140
33.60000,127.40000,-0.070,-0.220, 0.140
33.60000,127.45000,-0.110,-0.260, 0.150
33.60000,127.50000,-0.160,-0.310, 0.150
33.55000,125.50000, 0.160, 0.030, 0.130
33.55000,125.55000, 0.170, 0.040, 0.130
33.55000,125.60000, 0.180, 0.050, 0.130
33.55000,125.65000, 0.190, 0.070, 0.130
33.55000,125.70000, 0.210, 0.080, 0.130
33.55000,125.75000, 0.220, 0.090, 0.130
33.55000,125.80000, 0.230, 0.100, 0.130
33.55000,125.85000, 0.240, 0.110, 0.130
33.55000,125.90000, 0.250, 0.120, 0.130
33.55000,125.95000, 0.250, 0.120, 0.130
33.55000,126.00000, 0.260, 0.130, 0.130
33.55000,126.05000, 0.270, 0.140, 0.130
33.55000,126.10000, 0.270, 0.140, 0.130
33.55000,126.15000, 0.280, 0.140, 0.130
33.55000,126.20000, 0.280, 0.140, 0.130
33.55000,126.25000, 0.280, 0.140, 0.130
33.55000,126.30000, 0.270, 0.140, 0.130
33.55000,126.35000, 0.260, 0.130, 0.130
33.55000,126.40000, 0.250, 0.120, 0.130
33.55000,126.45000, 0.240, 0.100, 0.140
33.55000,126.50000, 0.220, 0.090, 0.140
33.55000,126.55000, 0.210, 0.070, 0.140
33.55000,126.60000, 0.190, 0.050, 0.140
33.55000,126.65000, 0.170, 0.030, 0.140
33.55000,126.70000, 0.150, 0.010, 0.140
33.55000,126.75000, 0.120,-0.010, 0.140
33.55000,126.80000, 0.100,-0.030, 0.140
33.55000,126.85000, 0.080,-0.050, 0.140
33.55000,126.90000, 0.060,-0.080, 0.140
33.55000,126.95000, 0.040,-0.100, 0.140
33.55000,127.00000, 0.020,-0.120, 0.140
33.55000,127.05000,-0.010,-0.140, 0.140
33.55000,127.10000,-0.030,-0.170, 0.140
33.55000,127.15000,-0.060,-0.200, 0.140
33.55000,127.20000,-0.080,-0.230, 0.140
33.55000,127.25000,-0.110,-0.260, 0.140
33.55000,127.30000,-0.140,-0.290, 0.150
33.55000,127.35000,-0.180,-0.330, 0.150
33.55000,127.40000,-0.220,-0.370, 0.150
33.55000,127.45000,-0.260,-0.410, 0.150
33.55000,127.50000,-0.300,-0.450, 0.160
33.50000,125.50000, 0.030,-0.100, 0.130
33.50000,125.55000, 0.040,-0.090, 0.130
33.50000,125.60000, 0.050,-0.080, 0.130
33.50000,125.65000, 0.070,-0.070, 0.130
33.50000,125.70000, 0.080,-0.050, 0.130
33.50000,125.75000, 0.090,-0.050, 0.130
33.50000,125.80000, 0.100,-0.040, 0.130
33.50000,125.85000, 0.110,-0.030, 0.130
33.50000,125.90000, 0.110,-0.020, 0.130
33.50000,125.95000, 0.120,-0.010, 0.130
33.50000,126.00000, 0.130,-0.010, 0.130
33.50000,126.05000, 0.130, 0.000, 0.140
33.50000,126.10000, 0.130, 0.000, 0.140
33.50000,126.15000, 0.140, 0.000, 0.140
33.50000,126.20000, 0.130, 0.000, 0.140
33.50000,126.25000, 0.130,-0.010, 0.140
33.50000,126.30000, 0.130,-0.010, 0.140
33.50000,126.35000, 0.120,-0.020, 0.140
33.50000,126.40000, 0.110,-0.030, 0.140
33.50000,126.45000, 0.100,-0.040, 0.140
33.50000,126.50000, 0.080,-0.060, 0.140
33.50000,126.55000, 0.070,-0.070, 0.140
33.50000,126.60000, 0.050,-0.090, 0.140
33.50000,126.65000, 0.030,-0.110, 0.140
33.50000,126.70000, 0.010,-0.130, 0.140
33.50000,126.75000,-0.010,-0.150, 0.140
33.50000,126.80000,-0.030,-0.170, 0.140
33.50000,126.85000,-0.050,-0.190, 0.140
33.50000,126.90000,-0.070,-0.220, 0.140
33.50000,126.95000,-0.090,-0.240, 0.140
33.50000,127.00000,-0.120,-0.260, 0.140
33.50000,127.05000,-0.140,-0.290, 0.140
33.50000,127.10000,-0.170,-0.320, 0.150
33.50000,127.15000,-0.200,-0.340, 0.150
33.50000,127.20000,-0.220,-0.370, 0.150
33.50000,127.25000,-0.250,-0.410, 0.150
33.50000,127.30000,-0.290,-0.440, 0.150
33.50000,127.35000,-0.320,-0.470, 0.150
33.50000,127.40000,-0.360,-0.510, 0.160
33.50000,127.45000,-0.400,-0.550, 0.160
33.50000,127.50000,-0.440,-0.600, 0.160
33.45000,125.50000,-0.100,-0.240, 0.140
33.45000,125.55000,-0.090,-0.220, 0.140
33.45000,125.60000,-0.070,-0.210, 0.140
33.45000,125.65000,-0.060,-0.200, 0.140
33.45000,125.70000,-0.050,-0.190, 0.140
33.45000,125.75000,-0.040,-0.180, 0.140
33.45000,125.80000,-0.030,-0.170, 0.140
33.45000,125.85000,-0.030,-0.160, 0.140
33.45000,125.90000,-0.020,-0.160, 0.140
33.45000,125.95000,-0.010,-0.150, 0.140
33.45000,126.00000,-0.010,-0.150, 0.140
33.45000,126.05000,-0.010,-0.140, 0.140
33.45000,126.10000, 0.000,-0.140, 0.140
33.45000,126.15000, 0.000,-0.140, 0.140
33.45000,126.20000,-0.010,-0.150, 0.140
33.45000,126.25000,-0.010,-0.150, 0.140
33.45000,126.30000,-0.010,-0.160, 0.140
33.45000,126.35000,-0.020,-0.160, 0.140
33.45000,126.40000,-0.030,-0.170, 0.140
33.45000,126.45000,-0.040,-0.190, 0.140
33.45000,126.50000,-0.060,-0.200, 0.140
33.45000,126.55000,-0.070,-0.220, 0.140
33.45000,126.60000,-0.090,-0.230, 0.140
33.45000,126.65000,-0.100,-0.250, 0.140
33.45000,126.70000,-0.120,-0.270, 0.140
33.45000,126.75000,-0.140,-0.290, 0.150
33.45000,126.80000,-0.160,-0.310, 0.150
33.45000,126.85000,-0.180,-0.330, 0.150
33.45000,126.90000,-0.210,-0.350, 0.150
33.45000,126.95000,-0.230,-0.380, 0.150
33.45000,127.00000,-0.250,-0.400, 0.150
33.45000,127.05000,-0.280,-0.430, 0.150
33.45000,127.10000,-0.310,-0.460, 0.150
33.45000,127.15000,-0.330,-0.490, 0.150
33.45000,127.20000,-0.360,-0.520, 0.160
33.45000,127.25000,-0.390,-0.550, 0.160
33.45000,127.30000,-0.420,-0.580, 0.160
33.45000,127.35000,-0.460,-0.620, 0.160
33.45000,127.40000,-0.500,-0.660, 0.160
33.45000,127.45000,-0.530,-0.700, 0.160
33.45000,127.50000,-0.570,-0.740, 0.170
33.40000,125.50000,-0.230,-0.370, 0.140
33.40000,125.55000,-0.220,-0.360, 0.140
33.40000,125.60000,-0.200,-0.350, 0.140
33.40000,125.65000,-0.190,-0.340, 0.140
33.40000,125.70000,-0.180,-0.320, 0.140
33.40000,125.75000,-0.170,-0.310, 0.140
33.40000,125.80000,-0.170,-0.310, 0.140
33.40000,125.85000,-0.160,-0.300, 0.140
33.40000,125.90000,-0.150,-0.290, 0.140
33.40000,125.95000,-0.150,-0.290, 0.140
33.40000,126.00000,-0.140,-0.290, 0.140
33.40000,126.05000,-0.140,-0.280, 0.140
33.40000,126.10000,-0.140,-0.280, 0.140
33.40000,126.15000,-0.140,-0.290, 0.140
33.40000,126.20000,-0.140,-0.290, 0.140
33.40000,126.25000,-0.150,-0.290, 0.140
33.40000,126.30000,-0.150,-0.300, 0.140
33.40000,126.35000,-0.160,-0.310, 0.150
33.40000,126.40000,-0.170,-0.320, 0.150
33.40000,126.45000,-0.180,-0.330, 0.150
33.40000,126.50000,-0.190,-0.340, 0.150
33.40000,126.55000,-0.210,-0.360, 0.150
33.40000,126.60000,-0.220,-0.370, 0.150
33.40000,126.65000,-0.240,-0.390, 0.150
33.40000,126.70000,-0.260,-0.410, 0.150
33.40000,126.75000,-0.280,-0.430, 0.150
33.40000,126.80000,-0.300,-0.450, 0.150
33.40000,126.85000,-0.320,-0.470, 0.150
33.40000,126.90000,-0.340,-0.490, 0.150
33.40000,126.95000,-0.360,-0.520, 0.150
33.40000,127.00000,-0.390,-0.540, 0.160
33.40000,127.05000,-0.410,-0.570, 0.160
33.40000,127.10000,-0.440,-0.600, 0.160
33.40000,127.15000,-0.470,-0.630, 0.160
33.40000,127.20000,-0.500,-0.660, 0.160
33.40000,127.25000,-0.530,-0.690, 0.160
33.40000,127.30000,-0.560,-0.730, 0.160
33.40000,127.35000,-0.600,-0.760, 0.170
33.40000,127.40000,-0.630,-0.800, 0.170
33.40000,127.45000,-0.670,-0.840, 0.170
33.40000,127.50000,-0.710,-0.880, 0.170
33.35000,125.50000,-0.360,-0.510, 0.150
33.35000,125.55000,-0.350,-0.500, 0.150
33.35000,125.60000,-0.340,-0.480, 0.150
33.35000,125.65000,-0.330,-0.470, 0.150
33.35000,125.70000,-0.310,-0.460, 0.150
33.35000,125.75000,-0.310,-0.450, 0.150
33.35000,125.80000,-0.300,-0.440, 0.150
33.35000,125.85000,-0.290,-0.440, 0.150
33.35000,125.90000,-0.290,-0.430, 0.150
33.35000,125.95000,-0.280,-0.430, 0.150
33.35000,126.00000,-0.280,-0.430, 0.150
33.35000,126.05000,-0.280,-0.430, 0.150
33.35000,126.10000,-0.280,-0.430, 0.150
33.35000,126.15000,-0.280,-0.430, 0.150
33.35000,126.20000,-0.280,-0.430, 0.150
33.35000,126.25000,-0.280,-0.440, 0.150
33.35000,126.30000,-0.290,-0.440, 0.150
33.35000,126.35000,-0.300,-0.450, 0.150
33.35000,126.40000,-0.310,-0.460, 0.150
33.35000,126.45000,-0.320,-0.470, 0.150
33.35000,126.50000,-0.330,-0.480, 0.150
33.35000,126.55000,-0.340,-0.500, 0.150
33.35000,126.60000,-0.360,-0.510, 0.150
33.35000,126.65000,-0.380,-0.530, 0.150
33.35000,126.70000,-0.390,-0.550, 0.160
33.35000,126.75000,-0.410,-0.570, 0.160
33.35000,126.80000,-0.430,-0.590, 0.160
33.35000,126.85000,-0.450,-0.610, 0.160
33.35000,126.90000,-0.470,-0.630, 0.160
33.35000,126.95000,-0.500,-0.660, 0.160
33.35000,127.00000,-0.520,-0.680, 0.160
33.35000,127.05000,-0.550,-0.710, 0.160
33.35000,127.10000,-0.570,-0.740, 0.160
33.35000,127.15000,-0.600,-0.770, 0.170
33.35000,127.20000,-0.630,-0.800, 0.170
33.35000,127.25000,-0.660,-0.830, 0.170
33.35000,127.30000,-0.700,-0.870, 0.170
33.35000,127.35000,-0.730,-0.900, 0.170
33.35000,127.40000,-0.770,-0.940, 0.170
33.35000,127.45000,-0.800,-0.980, 0.170
33.35000,127.50000,-0.840,-1.020, 0.180
33.30000,125.50000,-0.500,-0.650, 0.150
33.30000,125.55000,-0.480,-0.630, 0.150
33.30000,125.60000,-0.470,-0.620, 0.150
33.30000,125.65000,-0.460,-0.610, 0.150
33.30000,125.70000,-0.450,-0.600, 0.150
33.30000,125.75000,-0.440,-0.590, 0.150
33.30000,125.80000,-0.430,-0.580, 0.150
33.30000,125.85000,-0.430,-0.580, 0.150
33.30000,125.90000,-0.420,-0.570, 0.150
33.30000,125.95000,-0.420,-0.570, 0.150
33.30000,126.00000,-0.410,-0.570, 0.150
33.30000,126.05000,-0.410,-0.570, 0.150
33.30000,126.10000,-0.410,-0.570, 0.150
33.30000,126.15000,-0.410,-0.570, 0.150
33.30000,126.20000,-0.420,-0.570, 0.150
33.30000,126.25000,-0.420,-0.580, 0.150
33.30000,126.30000,-0.430,-0.580, 0.150
33.30000,126.35000,-0.440,-0.590, 0.160
33.30000,126.40000,-0.440,-0.600, 0.160
33.30000,126.45000,-0.460,-0.610, 0.160
33.30000,126.50000,-0.470,-0.620, 0.160
33.30000,126.55000,-0.480,-0.640, 0.160
33.30000,126.60000,-0.500,-0.650, 0.160
33.30000,126.65000,-0.510,-0.670, 0.160
33.30000,126.70000,-0.530,-0.690, 0.160
33.30000,126.75000,-0.550,-0.710, 0.160
33.30000,126.80000,-0.570,-0.730, 0.160
33.30000,126.85000,-0.590,-0.750, 0.160
33.30000,126.90000,-0.610,-0.770, 0.160
33.30000,126.95000,-0.630,-0.800, 0.170
33.30000,127.00000,-0.660,-0.820, 0.170
33.30000,127.05000,-0.680,-0.850, 0.170
33.30000,127.10000,-0.710,-0.880, 0.170
33.30000,127.15000,-0.740,-0.910, 0.170
33.30000,127.20000,-0.770,-0.940, 0.170
33.30000,127.25000,-0.800,-0.970, 0.170
33.30000,127.30000,-0.830,-1.010, 0.170
33.30000,127.35000,-0.870,-1.040, 0.180
33.30000,127.40000,-0.900,-1.080, 0.180
33.30000,127.45000,-0.940,-1.120, 0.180
33.30000,127.50000,-0.980,-1.160, 0.180
33.25000,125.50000,-0.630,-0.790, 0.160
33.25000,125.55000,-0.620,-0.770, 0.160
33.25000,125.60000,-0.610,-0.760, 0.160
33.25000,125.65000,-0.600,-0.750, 0.160
33.25000,125.70000,-0.580,-0.740, 0.160
33.25000,125.75000,-0.580,-0.730, 0.160
33.25000,125.80000,-0.570,-0.720, 0.160
33.25000,125.85000,-0.560,-0.720, 0.160
33.25000,125.90000,-0.560,-0.710, 0.160
33.25000,125.95000,-0.550,-0.710, 0.160
33.25000,126.00000,-0.550,-0.710, 0.160
33.25000,126.05000,-0.550,-0.710, 0.160
33.25000,126.10000,-0.550,-0.710, 0.160
33.25000,126.15000,-0.550,-0.710, 0.160
33.25000,126.20000,-0.560,-0.710, 0.160
33.25000,126.25000,-0.560,-0.720, 0.160
33.25000,126.30000,-0.570,-0.730, 0.160
33.25000,126.35000,-0.570,-0.730, 0.160
33.25000,126.40000,-0.580,-0.740, 0.160
33.25000,126.45000,-0.590,-0.750, 0.160
33.25000,126.50000,-0.610,-0.770, 0.160
33.25000,126.55000,-0.620,-0.780, 0.160
33.25000,126.60000,-0.630,-0.800, 0.160
33.25000,126.65000,-0.650,-0.810, 0.160
33.25000,126.70000,-0.670,-0.830, 0.170
33.25000,126.75000,-0.680,-0.850, 0.170
33.25000,126.80000,-0.700,-0.870, 0.170
33.25000,126.85000,-0.720,-0.890, 0.170
33.25000,126.90000,-0.750,-0.910, 0.170
33.25000,126.95000,-0.770,-0.940, 0.170
33.25000,127.00000,-0.790,-0.960, 0.170
33.25000,127.05000,-0.820,-0.990, 0.170
33.25000,127.10000,-0.850,-1.020, 0.170
33.25000,127.15000,-0.880,-1.050, 0.170
33.25000,127.20000,-0.910,-1.080, 0.180
33.25000,127.25000,-0.940,-1.120, 0.180
33.25000,127.30000,-0.970,-1.150, 0.180
33.25000,127.35000,-1.000,-1.190, 0.180
33.25000,127.40000,-1.040,-1.220, 0.180
33.25000,127.45000,-1.080,-1.260, 0.180
33.25000,127.50000,-1.120,-1.300, 0.190
33.20000,125.50000,-0.770,-0.930, 0.160
33.20000,125.55000,-0.760,-0.920, 0.160
33.20000,125.60000,-0.740,-0.900, 0.160
33.20000,125.65000,-0.730,-0.890, 0.160
33.20000,125.70000,-0.720,-0.880, 0.160
33.20000,125.75000,-0.710,-0.870, 0.160
33.20000,125.80000,-0.710,-0.870, 0.160
33.20000,125.85000,-0.700,-0.860, 0.160
33.20000,125.90000,-0.690,-0.860, 0.160
33.20000,125.95000,-0.690,-0.850, 0.160
33.20000,126.00000,-0.690,-0.850, 0.160
33.20000,126.05000,-0.690,-0.850, 0.160
33.20000,126.10000,-0.690,-0.850, 0.160
33.20000,126.15000,-0.690,-0.850, 0.160
33.20000,126.20000,-0.690,-0.860, 0.160
33.20000,126.25000,-0.700,-0.860, 0.160
33.20000,126.30000,-0.700,-0.870, 0.160
33.20000,126.35000,-0.710,-0.880, 0.160
33.20000,126.40000,-0.720,-0.890, 0.170
33.20000,126.45000,-0.730,-0.900, 0.170
33.20000,126.50000,-0.740,-0.910, 0.170
33.20000,126.55000,-0.760,-0.920, 0.170
33.20000,126.60000,-0.770,-0.940, 0.170
33.20000,126.65000,-0.790,-0.950, 0.170
33.20000,126.70000,-0.800,-0.970, 0.170
33.20000,126.75000,-0.820,-0.990, 0.170
33.20000,126.80000,-0.840,-1.010, 0.170
33.20000,126.85000,-0.860,-1.030, 0.170
33.20000,126.90000,-0.880,-1.060, 0.170
33.20000,126.95000,-0.910,-1.080, 0.170
33.20000,127.00000,-0.930,-1.110, 0.180
33.20000,127.05000,-0.960,-1.130, 0.180
33.20000,127.10000,-0.990,-1.160, 0.180
33.20000,127.15000,-1.010,-1.200, 0.180
33.20000,127.20000,-1.040,-1.230, 0.180
33.20000,127.25000,-1.080,-1.260, 0.180
33.20000,127.30000,-1.110,-1.290, 0.180
33.20000,127.35000,-1.140,-1.330, 0.190
33.20000,127.40000,-1.180,-1.370, 0.190
33.20000,127.45000,-1.220,-1.400, 0.190
33.20000,127.50000,-1.250,-1.450, 0.190
33.15000,125.50000,-0.910,-1.080, 0.170
33.15000,125.55000,-0.890,-1.060, 0.170
33.15000,125.60000,-0.880,-1.050, 0.170
33.15000,125.65000,-0.870,-1.040, 0.170
33.15000,125.70000,-0.860,-1.030, 0.170
33.15000,125.75000,-0.850,-1.020, 0.170
33.15000,125.80000,-0.850,-1.010, 0.170
33.15000,125.85000,-0.840,-1.000, 0.170
33.15000,125.90000,-0.830,-1.000, 0.170
33.15000,125.95000,-0.830,-1.000, 0.170
33.15000,126.00000,-0.830,-1.000, 0.170
33.15000,126.05000,-0.830,-1.000, 0.170
33.15000,126.10000,-0.830,-1.000, 0.170
33.15000,126.15000,-0.830,-1.000, 0.170
33.15000,126.20000,-0.830,-1.000, 0.170
33.15000,126.25000,-0.840,-1.010, 0.170
33.15000,126.30000,-0.850,-1.010, 0.170
33.15000,126.35000,-0.850,-1.020, 0.170
33.15000,126.40000,-0.860,-1.030, 0.170
33.15000,126.45000,-0.870,-1.040, 0.170
33.15000,126.50000,-0.880,-1.050, 0.170
33.15000,126.55000,-0.900,-1.070, 0.170
33.15000,126.60000,-0.910,-1.080, 0.170
33.15000,126.65000,-0.930,-1.100, 0.170
33.15000,126.70000,-0.940,-1.120, 0.170
33.15000,126.75000,-0.960,-1.140, 0.170
33.15000,126.80000,-0.980,-1.160, 0.180
33.15000,126.85000,-1.000,-1.180, 0.180
33.15000,126.90000,-1.020,-1.200, 0.180
33.15000,126.95000,-1.050,-1.230, 0.180
33.15000,127.00000,-1.070,-1.250, 0.180
33.15000,127.05000,-1.100,-1.280, 0.180
33.15000,127.10000,-1.130,-1.310, 0.180
33.15000,127.15000,-1.150,-1.340, 0.190
33.15000,127.20000,-1.180,-1.370, 0.190
33.15000,127.25000,-1.220,-1.400, 0.190
33.15000,127.30000,-1.250,-1.440, 0.190
33.15000,127.35000,-1.280,-1.470, 0.190
33.15000,127.40000,-1.320,-1.510, 0.190
33.15000,127.45000,-1.360,-1.550, 0.190
33.15000,127.50000,-1.390,-1.590, 0.200
33.10000,125.50000,-1.050,-1.220, 0.170
33.10000,125.55000,-1.040,-1.210, 0.170
33.10000,125.60000,-1.020,-1.190, 0.170
33.10000,125.65000,-1.010,-1.180, 0.170
33.10000,125.70000,-1.000,-1.170, 0.170
33.10000,125.75000,-0.990,-1.160, 0.170
33.10000,125.80000,-0.990,-1.160, 0.170
33.10000,125.85000,-0.980,-1.150, 0.170
33.10000,125.90000,-0.980,-1.150, 0.170
33.10000,125.95000,-0.970,-1.140, 0.170
33.10000,126.00000,-0.970,-1.140, 0.170
33.10000,126.05000,-0.970,-1.140, 0.170
33.10000,126.10000,-0.970,-1.140, 0.170
33.10000,126.15000,-0.970,-1.140, 0.170
33.10000,126.20000,-0.980,-1.150, 0.170
33.10000,126.25000,-0.980,-1.150, 0.170
33.10000,126.30000,-0.990,-1.160, 0.170
33.10000,126.35000,-0.990,-1.170, 0.170
33.10000,126.40000,-1.000,-1.180, 0.170
33.10000,126.45000,-1.010,-1.190, 0.170
33.10000,126.50000,-1.020,-1.200, 0.180
33.10000,126.55000,-1.040,-1.210, 0.180
33.10000,126.60000,-1.050,-1.230, 0.180
33.10000,126.65000,-1.070,-1.250, 0.180
33.10000,126.70000,-1.080,-1.260, 0.180
33.10000,126.75000,-1.100,-1.280, 0.180
33.10000,126.80000,-1.120,-1.300, 0.180
33.10000,126.85000,-1.140,-1.330, 0.180
33.10000,126.90000,-1.160,-1.350, 0.180
33.10000,126.95000,-1.190,-1.370, 0.190
33.10000,127.00000,-1.210,-1.400, 0.190
33.10000,127.05000,-1.240,-1.430, 0.190
33.10000,127.10000,-1.270,-1.460, 0.190
33.10000,127.15000,-1.300,-1.490, 0.190
33.10000,127.20000,-1.330,-1.520, 0.190
33.10000,127.25000,-1.360,-1.550, 0.190
33.10000,127.30000,-1.390,-1.590, 0.190
33.10000,127.35000,-1.420,-1.620, 0.200
33.10000,127.40000,-1.460,-1.660, 0.200
33.10000,127.45000,-1.500,-1.700, 0.200
33.10000,127.50000,-1.530,-1.740, 0.200
33.05000,125.50000,-1.190,-1.370, 0.180
33.05000,125.55000,-1.180,-1.360, 0.180
33.05000,125.60000,-1.170,-1.340, 0.180
33.05000,125.65000,-1.150,-1.330, 0.180
33.05000,125.70000,-1.140,-1.320, 0.180
33.05000,125.75000,-1.140,-1.310, 0.180
33.05000,125.80000,-1.130,-1.300, 0.180
33.05000,125.85000,-1.120,-1.300, 0.180
33.05000,125.90000,-1.120,-1.290, 0.180
33.05000,125.95000,-1.120,-1.290, 0.180
33.05000,126.00000,-1.110,-1.290, 0.180
33.05000,126.05000,-1.110,-1.290, 0.180
33.05000,126.10000,-1.110,-1.290, 0.180
33.05000,126.15000,-1.120,-1.290, 0.180
33.05000,126.20000,-1.120,-1.300, 0.180
33.05000,126.25000,-1.120,-1.300, 0.180
33.05000,126.30000,-1.130,-1.310, 0.180
33.05000,126.35000,-1.140,-1.320, 0.180
33.05000,126.40000,-1.150,-1.330, 0.180
33.05000,126.45000,-1.160,-1.340, 0.180
33.05000,126.50000,-1.170,-1.350, 0.180
33.05000,126.55000,-1.180,-1.360, 0.180
33.05000,126.60000,-1.200,-1.380, 0.180
33.05000,126.65000,-1.210,-1.390, 0.180
33.05000,126.70000,-1.230,-1.410, 0.190
33.05000,126.75000,-1.250,-1.430, 0.190
33.05000,126.80000,-1.260,-1.450, 0.190
33.05000,126.85000,-1.290,-1.470, 0.190
33.05000,126.90000,-1.310,-1.500, 0.190
33.05000,126.95000,-1.330,-1.520, 0.190
33.05000,127.00000,-1.360,-1.550, 0.190
33.05000,127.05000,-1.380,-1.580, 0.190
33.05000,127.10000,-1.410,-1.600, 0.190
33.05000,127.15000,-1.440,-1.630, 0.190
33.05000,127.20000,-1.470,-1.670, 0.200
33.05000,127.25000,-1.500,-1.700, 0.200
33.05000,127.30000,-1.530,-1.730, 0.200
33.05000,127.35000,-1.570,-1.770, 0.200
33.05000,127.40000,-1.600,-1.810, 0.200
33.05000,127.45000,-1.640,-1.850, 0.200
33.05000,127.50000,-1.680,-1.880, 0.210
33.00000,125.50000,-1.340,-1.520, 0.180
33.00000,125.55000,-1.320,-1.500, 0.180
33.00000,125.60000,-1.310,-1.490, 0.180
33.00000,125.65000,-1.300,-1.480, 0.180
33.00000,125.70000,-1.290,-1.470, 0.180
33.00000,125.75000,-1.280,-1.460, 0.180
33.00000,125.80000,-1.270,-1.460, 0.180
33.00000,125.85000,-1.270,-1.450, 0.180
33.00000,125.90000,-1.260,-1.440, 0.180
33.00000,125.95000,-1.260,-1.440, 0.180
33.00000,126.00000,-1.260,-1.440, 0.180
33.00000,126.05000,-1.260,-1.440, 0.180
33.00000,126.10000,-1.260,-1.440, 0.180
33.00000,126.15000,-1.260,-1.440, 0.180
33.00000,126.20000,-1.260,-1.450, 0.180
33.00000,126.25000,-1.270,-1.450, 0.180
33.00000,126.30000,-1.270,-1.460, 0.180
33.00000,126.35000,-1.280,-1.470, 0.180
33.00000,126.40000,-1.290,-1.480, 0.190
33.00000,126.45000,-1.300,-1.490, 0.190
33.00000,126.50000,-1.310,-1.500, 0.190
33.00000,126.55000,-1.330,-1.510, 0.190
33.00000,126.60000,-1.340,-1.530, 0.190
33.00000,126.65000,-1.360,-1.540, 0.190
33.00000,126.70000,-1.370,-1.560, 0.190
33.00000,126.75000,-1.390,-1.580, 0.190
33.00000,126.80000,-1.410,-1.600, 0.190
33.00000,126.85000,-1.430,-1.620, 0.190
33.00000,126.90000,-1.450,-1.650, 0.190
33.00000,126.95000,-1.480,-1.670, 0.190
33.00000,127.00000,-1.500,-1.700, 0.200
33.00000,127.05000,-1.530,-1.730, 0.200
33.00000,127.10000,-1.550,-1.750, 0.200
33.00000,127.15000,-1.580,-1.780, 0.200
33.00000,127.20000,-1.610,-1.820, 0.200
33.00000,127.25000,-1.650,-1.850, 0.200
33.00000,127.30000,-1.680,-1.880, 0.200
33.00000,127.35000,-1.710,-1.920, 0.210
33.00000,127.40000,-1.750,-1.960, 0.210
33.00000,127.45000,-1.780,-2.000, 0.210
33.00000,127.50000,-1.820,-2.040, 0.210
